"Year","Sex","Age Group","County and HSE Region","In-Patients (Number)","Daycases (Number)","In-Patients and Daycases (Number)","Average Length of Stay (Rate)","In-Patient Bed-Days (Number)","Median Length of Stay (Number)","Per 1,000 Population (Rate)"
"2017","Both sexes","0 - 14 years","Dublin City and County","17593","12683","30276","4","70373","2","115.74"
"2017","Both sexes","0 - 14 years","Kildare","3537","2449","5986","3.81","13477","2","109.58"
"2017","Both sexes","0 - 14 years","Limerick","3509","2001","5510","3.65","12809","2","139.1"
"2017","Both sexes","0 - 14 years","Galway","4518","2924","7442","3.74","16893","1","137.91"
"2017","Both sexes","15 - 24 years","Dublin City and County","10326","11599","21925","3.32","34247","2","132.31"
"2017","Both sexes","15 - 24 years","Kildare","2189","1697","3886","3.01","6593","1","136.04"
"2017","Both sexes","15 - 24 years","Limerick","2174","986","3160","2.92","6348","1","125.47"
"2017","Both sexes","15 - 24 years","Galway","2807","1855","4662","2.47","6935","1","146.64"
"2017","Both sexes","25 - 34 years","Dublin City and County","24545","28095","52640","3.14","77174","2","229.24"
"2017","Both sexes","25 - 34 years","Kildare","4654","3608","8262","2.85","13247","2","287.9"
"2017","Both sexes","25 - 34 years","Limerick","3860","2157","6017","3.38","13048","2","234.54"
"2017","Both sexes","25 - 34 years","Galway","5289","4509","9798","2.7","14283","2","301.09"
"2017","Both sexes","35 - 44 years","Dublin City and County","22387","38393","60780","4.16","93054","2","269.4"
"2017","Both sexes","35 - 44 years","Kildare","4387","5683","10070","3.76","16515","2","258.3"
"2017","Both sexes","35 - 44 years","Limerick","3802","4158","7960","3.71","14122","2","264.72"
"2017","Both sexes","35 - 44 years","Galway","5571","7078","12649","3.2","17833","2","309.03"
"2017","Both sexes","45 - 54 years","Dublin City and County","12882","43686","56568","6.04","77843","2","337.75"
"2017","Both sexes","45 - 54 years","Kildare","2551","7132","9683","4.73","12057","2","306.59"
"2017","Both sexes","45 - 54 years","Limerick","2859","5123","7982","3.78","10813","1","313.51"
"2017","Both sexes","45 - 54 years","Galway","3056","9144","12200","4.94","15094","2","358.48"
"2017","Both sexes","55 - 64 years","Dublin City and County","15396","54782","70178","8.25","126965","3","527.55"
"2017","Both sexes","55 - 64 years","Kildare","3030","7984","11014","6.52","19761","3","489.16"
"2017","Both sexes","55 - 64 years","Limerick","3788","7822","11610","4.88","18500","2","522.69"
"2017","Both sexes","55 - 64 years","Galway","3753","12589","16342","5.81","21788","3","584.12"
"2017","Both sexes","65 - 74 years","Dublin City and County","18436","60528","78964","10.28","189483","4","823.56"
"2017","Both sexes","65 - 74 years","Kildare","3347","8671","12018","8.38","28059","4","798.11"
"2017","Both sexes","65 - 74 years","Limerick","4705","8250","12955","6.42","30191","3","758.22"
"2017","Both sexes","65 - 74 years","Galway","4525","13294","17819","7.68","34734","4","884.41"
"2017","Both sexes","75 - 84 years","Dublin City and County","17691","41870","59561","14.36","254104","6","1108.79"
"2017","Both sexes","75 - 84 years","Kildare","2695","6197","8892","10.48","28244","6","1443.98"
"2017","Both sexes","75 - 84 years","Limerick","3803","4571","8374","7.74","29424","4","940.37"
"2017","Both sexes","75 - 84 years","Galway","4217","8316","12533","10","42159","5","1166.08"
"2017","Both sexes","85 years and over","Dublin City and County","9643","11075","20718","18.28","176283","9","1100.79"
"2017","Both sexes","85 years and over","Kildare","1118","890","2008","14.47","16175","8","1039.34"
"2017","Both sexes","85 years and over","Limerick","1511","1148","2659","8.63","13038","6","949.3"
"2017","Both sexes","85 years and over","Galway","2194","2492","4686","13.41","29421","7","1164.51"
"2017","Both sexes","All ages","Dublin City and County","148899","302711","451610","7.38","1099526","3","334.17"
"2017","Both sexes","All ages","Kildare","27508","44311","71819","5.6","154128","2","314.83"
"2017","Both sexes","All ages","Limerick","30011","36216","66227","4.94","148293","2","336.2"
"2017","Both sexes","All ages","Galway","35930","62201","98131","5.54","199140","2","383.09"
"2017","Male","0 - 14 years","Dublin City and County","9811","7526","17337","3.85","37788","2","130.13"
"2017","Male","0 - 14 years","Kildare","1889","1432","3321","3.61","6818","2","118.51"
"2017","Male","0 - 14 years","Limerick","1955","1205","3160","3.79","7402","2","155.27"
"2017","Male","0 - 14 years","Galway","2565","1684","4249","3.42","8762","1","154.09"
"2017","Male","15 - 24 years","Dublin City and County","3105","5375","8480","4.03","12509","2","101.2"
"2017","Male","15 - 24 years","Kildare","649","705","1354","3.06","1987","1","91.57"
"2017","Male","15 - 24 years","Limerick","757","548","1305","3.11","2352","1","101.22"
"2017","Male","15 - 24 years","Galway","951","890","1841","2.74","2605","1","111.77"
"2017","Male","25 - 34 years","Dublin City and County","4307","10244","14551","4.57","19686","2","130.34"
"2017","Male","25 - 34 years","Kildare","682","986","1668","4.06","2768","2","122.31"
"2017","Male","25 - 34 years","Limerick","797","919","1716","3.57","2848","1","135.36"
"2017","Male","25 - 34 years","Galway","918","1654","2572","3.68","3374","1","162.87"
"2017","Male","35 - 44 years","Dublin City and County","5689","14364","20053","6.16","35050","2","180.73"
"2017","Male","35 - 44 years","Kildare","1004","1950","2954","4.1","4112","1","154.89"
"2017","Male","35 - 44 years","Limerick","1183","1838","3021","4.41","5213","1","202.14"
"2017","Male","35 - 44 years","Galway","1276","2945","4221","3.55","4530","1","211.36"
"2017","Male","45 - 54 years","Dublin City and County","6431","17772","24203","6.44","41438","2","296.06"
"2017","Male","45 - 54 years","Kildare","1319","2959","4278","5.24","6915","2","270.78"
"2017","Male","45 - 54 years","Limerick","1368","2487","3855","4.18","5719","1","300.35"
"2017","Male","45 - 54 years","Galway","1498","4004","5502","5.57","8349","2","325.08"
"2017","Male","55 - 64 years","Dublin City and County","7995","26827","34822","8.67","69356","3","546.24"
"2017","Male","55 - 64 years","Kildare","1671","4159","5830","6.88","11504","3","521.65"
"2017","Male","55 - 64 years","Limerick","1996","4433","6429","5.4","10785","2","574.12"
"2017","Male","55 - 64 years","Galway","2109","6595","8704","6.33","13358","3","624.84"
"2017","Male","65 - 74 years","Dublin City and County","9484","32923","42407","10.85","102914","5","938.48"
"2017","Male","65 - 74 years","Kildare","1857","5084","6941","8.56","15888","4","924.73"
"2017","Male","65 - 74 years","Limerick","2511","4774","7285","6.64","16662","4","866.85"
"2017","Male","65 - 74 years","Galway","2565","8230","10795","8.03","20596","4","1069.77"
"2017","Male","75 - 84 years","Dublin City and County","8341","21435","29776","14.21","118554","6","1287.72"
"2017","Male","75 - 84 years","Kildare","1391","4178","5569","10.2","14190","5","1958.16"
"2017","Male","75 - 84 years","Limerick","1830","2381","4211","7.96","14569","4","1028.08"
"2017","Male","75 - 84 years","Galway","2228","4940","7168","10.14","22588","5","1407.7"
"2017","Male","85 years and over","Dublin City and County","3515","5254","8769","17.83","62689","8","1422.38"
"2017","Male","85 years and over","Kildare","454","424","878","14.91","6768","8","1302.67"
"2017","Male","85 years and over","Limerick","548","500","1048","8.5","4659","6","1105.49"
"2017","Male","85 years and over","Galway","892","1364","2256","13.47","12011","7","1604.55"
"2017","Male","All ages","Dublin City and County","58678","141720","200398","8.52","499984","3","303.82"
"2017","Male","All ages","Kildare","10916","21877","32793","6.5","70950","2","288.88"
"2017","Male","All ages","Limerick","12945","19085","32030","5.42","70209","2","325.68"
"2017","Male","All ages","Galway","15002","32306","47308","6.41","96173","2","371.76"
"2017","Female","0 - 14 years","Dublin City and County","7782","5157","12939","4.19","32585","2","100.8"
"2017","Female","0 - 14 years","Kildare","1648","1017","2665","4.04","6659","2","100.17"
"2017","Female","0 - 14 years","Limerick","1554","796","2350","3.48","5407","2","122.01"
"2017","Female","0 - 14 years","Galway","1953","1240","3193","4.16","8131","1","121"
"2017","Female","15 - 24 years","Dublin City and County","7221","6224","13445","3.01","21738","2","164.14"
"2017","Female","15 - 24 years","Kildare","1540","992","2532","2.99","4606","1","183.76"
"2017","Female","15 - 24 years","Limerick","1417","438","1855","2.82","3996","2","150.91"
"2017","Female","15 - 24 years","Galway","1856","965","2821","2.33","4330","1","184.14"
"2017","Female","25 - 34 years","Dublin City and County","20238","17851","38089","2.84","57488","2","322.84"
"2017","Female","25 - 34 years","Kildare","3972","2622","6594","2.64","10479","2","437.88"
"2017","Female","25 - 34 years","Limerick","3063","1238","4301","3.33","10200","2","331.43"
"2017","Female","25 - 34 years","Galway","4371","2855","7226","2.5","10909","2","431.4"
"2017","Female","35 - 44 years","Dublin City and County","16698","24029","40727","3.47","58004","2","355.2"
"2017","Female","35 - 44 years","Kildare","3383","3733","7116","3.67","12403","2","357.32"
"2017","Female","35 - 44 years","Limerick","2619","2320","4939","3.4","8909","2","326.57"
"2017","Female","35 - 44 years","Galway","4295","4133","8428","3.1","13303","2","402.1"
"2017","Female","45 - 54 years","Dublin City and County","6451","25914","32365","5.64","36405","2","377.5"
"2017","Female","45 - 54 years","Kildare","1232","4173","5405","4.17","5142","2","342.44"
"2017","Female","45 - 54 years","Limerick","1491","2636","4127","3.42","5094","1","326.89"
"2017","Female","45 - 54 years","Galway","1558","5140","6698","4.33","6745","2","391.51"
"2017","Female","55 - 64 years","Dublin City and County","7401","27955","35356","7.78","57609","3","510.36"
"2017","Female","55 - 64 years","Kildare","1359","3825","5184","6.08","8257","3","457.14"
"2017","Female","55 - 64 years","Limerick","1792","3389","5181","4.31","7715","2","470.4"
"2017","Female","55 - 64 years","Galway","1644","5994","7638","5.13","8430","2","543.75"
"2017","Female","65 - 74 years","Dublin City and County","8952","27605","36557","9.67","86569","4","721.13"
"2017","Female","65 - 74 years","Kildare","1490","3587","5077","8.17","12171","4","672.27"
"2017","Female","65 - 74 years","Limerick","2194","3476","5670","6.17","13529","3","653.08"
"2017","Female","65 - 74 years","Galway","1960","5064","7024","7.21","14138","3","698.42"
"2017","Female","75 - 84 years","Dublin City and County","9350","20435","29785","14.5","135550","7","973.56"
"2017","Female","75 - 84 years","Kildare","1304","2019","3323","10.78","14054","6","1002.72"
"2017","Female","75 - 84 years","Limerick","1973","2190","4163","7.53","14855","4","865.67"
"2017","Female","75 - 84 years","Galway","1989","3376","5365","9.84","19571","5","948.55"
"2017","Female","85 years and over","Dublin City and County","6128","5821","11949","18.54","113594","9","944.14"
"2017","Female","85 years and over","Kildare","664","466","1130","14.17","9407","7","898.25"
"2017","Female","85 years and over","Limerick","963","648","1611","8.7","8379","6","869.4"
"2017","Female","85 years and over","Galway","1302","1128","2430","13.37","17410","7","928.19"
"2017","Female","All ages","Dublin City and County","90221","160991","251212","6.65","599542","3","363.1"
"2017","Female","All ages","Kildare","16592","22434","39026","5.01","83178","2","340.53"
"2017","Female","All ages","Limerick","17066","17131","34197","4.58","78084","2","346.7"
"2017","Female","All ages","Galway","20928","29895","50823","4.92","102967","2","394.27"
"2018","Both sexes","0 - 14 years","Dublin City and County","17399","12846","30245","4.07","70833","2","114.3"
"2018","Both sexes","0 - 14 years","Kildare","3379","2452","5831","3.71","12551","2","105.7"
"2018","Both sexes","0 - 14 years","Limerick","3350","1803","5153","3.41","11420","2","130.85"
"2018","Both sexes","0 - 14 years","Galway","4609","3600","8209","3.41","15718","1","152.34"
"2018","Both sexes","15 - 24 years","Dublin City and County","10116","12756","22872","3.08","31142","2","133.63"
"2018","Both sexes","15 - 24 years","Kildare","2084","1707","3791","2.55","5320","1","126.35"
"2018","Both sexes","15 - 24 years","Limerick","2085","1071","3156","2.89","6023","2","122.81"
"2018","Both sexes","15 - 24 years","Galway","2687","1766","4453","2.56","6877","1","136.75"
"2018","Both sexes","25 - 34 years","Dublin City and County","23922","26387","50309","3.07","73350","2","223.49"
"2018","Both sexes","25 - 34 years","Kildare","4581","3656","8237","2.6","11928","1","295.68"
"2018","Both sexes","25 - 34 years","Limerick","3714","2240","5954","3.26","12102","2","232.78"
"2018","Both sexes","25 - 34 years","Galway","5429","3651","9080","2.49","13503","1","285.79"
"2018","Both sexes","35 - 44 years","Dublin City and County","22316","38659","60975","3.96","88263","2","263.65"
"2018","Both sexes","35 - 44 years","Kildare","4493","4989","9482","3.18","14297","2","240.95"
"2018","Both sexes","35 - 44 years","Limerick","3744","4083","7827","3.35","12534","2","250.5"
"2018","Both sexes","35 - 44 years","Galway","5503","7259","12762","2.92","16070","1","309.34"
"2018","Both sexes","45 - 54 years","Dublin City and County","13034","44160","57194","6.12","79790","2","333.65"
"2018","Both sexes","45 - 54 years","Kildare","2757","6694","9451","4.87","13420","2","287.91"
"2018","Both sexes","45 - 54 years","Limerick","2892","5192","8084","3.84","11115","1","310.83"
"2018","Both sexes","45 - 54 years","Galway","3225","9388","12613","4.65","14995","2","361.12"
"2018","Both sexes","55 - 64 years","Dublin City and County","15625","57498","73123","8.17","127621","3","538.26"
"2018","Both sexes","55 - 64 years","Kildare","2867","7583","10450","6.02","17266","2","450.63"
"2018","Both sexes","55 - 64 years","Limerick","3388","7362","10750","4.89","16568","2","477.84"
"2018","Both sexes","55 - 64 years","Galway","3847","11736","15583","6.59","25347","2","548.04"
"2018","Both sexes","65 - 74 years","Dublin City and County","18769","60621","79390","10.17","190963","5","802.92"
"2018","Both sexes","65 - 74 years","Kildare","3392","8765","12157","7.44","25235","4","772.41"
"2018","Both sexes","65 - 74 years","Limerick","4851","8514","13365","6.11","29622","3","750.72"
"2018","Both sexes","65 - 74 years","Galway","4997","13998","18995","7.67","38337","4","901.86"
"2018","Both sexes","75 - 84 years","Dublin City and County","18137","44102","62239","14.53","263500","6","1125.19"
"2018","Both sexes","75 - 84 years","Kildare","2810","5796","8606","11.09","31168","5","1303.74"
"2018","Both sexes","75 - 84 years","Limerick","4067","4982","9049","8.25","33563","5","968.53"
"2018","Both sexes","75 - 84 years","Galway","4652","8810","13462","9.73","45250","5","1208.44"
"2018","Both sexes","85 years and over","Dublin City and County","9799","12549","22348","18.55","181730","9","1145.58"
"2018","Both sexes","85 years and over","Kildare","1177","1145","2322","14.59","17173","7","1187.72"
"2018","Both sexes","85 years and over","Limerick","1624","1113","2737","9.49","15411","6","889.5"
"2018","Both sexes","85 years and over","Galway","2390","2317","4707","11.84","28302","6","1138.61"
"2018","Both sexes","All ages","Dublin City and County","149117","309578","458695","7.42","1107189","3","334.05"
"2018","Both sexes","All ages","Kildare","27540","42787","70327","5.39","148356","2","302.23"
"2018","Both sexes","All ages","Limerick","29715","36360","66075","4.99","148356","2","329.34"
"2018","Both sexes","All ages","Galway","37339","62525","99864","5.47","204397","2","385.32"
"2018","Male","0 - 14 years","Dublin City and County","9624","7648","17272","4.11","39548","2","128.04"
"2018","Male","0 - 14 years","Kildare","1824","1446","3270","3.67","6685","1","115.23"
"2018","Male","0 - 14 years","Limerick","1798","1032","2830","3.39","6098","2","139.33"
"2018","Male","0 - 14 years","Galway","2510","2134","4644","3.35","8419","1","168.25"
"2018","Male","15 - 24 years","Dublin City and County","3213","6238","9451","3.78","12159","2","108.88"
"2018","Male","15 - 24 years","Kildare","627","815","1442","2.78","1745","1","92.44"
"2018","Male","15 - 24 years","Limerick","734","523","1257","3.14","2308","1","95.78"
"2018","Male","15 - 24 years","Galway","988","894","1882","3.37","3325","1","112.17"
"2018","Male","25 - 34 years","Dublin City and County","4206","9631","13837","4.34","18269","2","125.46"
"2018","Male","25 - 34 years","Kildare","701","1030","1731","3.64","2549","1","129.4"
"2018","Male","25 - 34 years","Limerick","811","1170","1981","3.07","2492","1","154.37"
"2018","Male","25 - 34 years","Galway","956","1604","2560","3.19","3045","1","165.09"
"2018","Male","35 - 44 years","Dublin City and County","5579","14466","20045","5.83","32550","2","177.52"
"2018","Male","35 - 44 years","Kildare","1048","1829","2877","4.15","4345","2","150.04"
"2018","Male","35 - 44 years","Limerick","1081","1723","2804","3.54","3825","1","180.06"
"2018","Male","35 - 44 years","Galway","1320","2942","4262","3.71","4903","1","213.29"
"2018","Male","45 - 54 years","Dublin City and County","6561","18303","24864","6.64","43538","3","295.87"
"2018","Male","45 - 54 years","Kildare","1370","3007","4377","5.67","7763","2","266.35"
"2018","Male","45 - 54 years","Limerick","1406","2221","3627","3.9","5481","1","276.05"
"2018","Male","45 - 54 years","Galway","1551","4201","5752","4.87","7550","2","331.68"
"2018","Male","55 - 64 years","Dublin City and County","8374","28206","36580","8.99","75293","4","563.23"
"2018","Male","55 - 64 years","Kildare","1458","3764","5222","6.42","9356","3","456.11"
"2018","Male","55 - 64 years","Limerick","1742","4126","5868","5","8715","2","519.98"
"2018","Male","55 - 64 years","Galway","2083","6091","8174","6.91","14402","3","580.83"
"2018","Male","65 - 74 years","Dublin City and County","9673","32492","42165","10.09","97601","4","905.1"
"2018","Male","65 - 74 years","Kildare","1865","4746","6611","8","14914","3","847.02"
"2018","Male","65 - 74 years","Limerick","2544","5021","7565","6.44","16382","3","855.58"
"2018","Male","65 - 74 years","Galway","2795","8258","11053","8.06","22518","4","1048.67"
"2018","Male","75 - 84 years","Dublin City and County","8612","22975","31587","14.1","121428","6","1319.04"
"2018","Male","75 - 84 years","Kildare","1380","3820","5200","11.24","15508","5","1709.96"
"2018","Male","75 - 84 years","Limerick","2036","2816","4852","8.31","16927","5","1131.79"
"2018","Male","75 - 84 years","Galway","2491","5213","7704","9.95","24775","5","1460.2"
"2018","Male","85 years and over","Dublin City and County","3774","6425","10199","17.9","67557","8","1556.39"
"2018","Male","85 years and over","Kildare","513","622","1135","14.95","7671","8","1654.52"
"2018","Male","85 years and over","Limerick","646","480","1126","9.61","6210","6","1023.64"
"2018","Male","85 years and over","Galway","1006","1358","2364","12.26","12335","7","1587.64"
"2018","Male","All ages","Dublin City and County","59616","146384","206000","8.52","507939","3","307.01"
"2018","Male","All ages","Kildare","10786","21079","31865","6.54","70534","2","274.83"
"2018","Male","All ages","Limerick","12798","19112","31910","5.35","68437","2","317.53"
"2018","Male","All ages","Galway","15700","32695","48395","6.45","101270","2","376.35"
"2018","Female","0 - 14 years","Dublin City and County","7775","5198","12973","4.02","31286","2","100.02"
"2018","Female","0 - 14 years","Kildare","1555","1006","2561","3.77","5866","2","95.6"
"2018","Female","0 - 14 years","Limerick","1552","771","2323","3.43","5322","2","121.81"
"2018","Female","0 - 14 years","Galway","2099","1466","3565","3.48","7299","1","135.63"
"2018","Female","15 - 24 years","Dublin City and County","6903","6518","13421","2.75","18983","2","159.08"
"2018","Female","15 - 24 years","Kildare","1457","892","2349","2.45","3576","1","163.07"
"2018","Female","15 - 24 years","Limerick","1351","548","1899","2.75","3715","2","151.03"
"2018","Female","15 - 24 years","Galway","1699","872","2571","2.09","3552","1","162.89"
"2018","Female","25 - 34 years","Dublin City and County","19716","16756","36472","2.79","55081","2","317.67"
"2018","Female","25 - 34 years","Kildare","3880","2626","6506","2.42","9379","2","449.28"
"2018","Female","25 - 34 years","Limerick","2903","1070","3973","3.31","9611","2","311.73"
"2018","Female","25 - 34 years","Galway","4473","2047","6520","2.34","10458","1","400.86"
"2018","Female","35 - 44 years","Dublin City and County","16737","24193","40930","3.33","55713","2","345.82"
"2018","Female","35 - 44 years","Kildare","3445","3160","6605","2.89","9952","2","327.35"
"2018","Female","35 - 44 years","Limerick","2663","2360","5023","3.27","8709","2","320.49"
"2018","Female","35 - 44 years","Galway","4183","4317","8500","2.67","11167","2","399.55"
"2018","Female","45 - 54 years","Dublin City and County","6473","25857","32330","5.6","36253","2","370"
"2018","Female","45 - 54 years","Kildare","1387","3687","5074","4.08","5657","2","309.52"
"2018","Female","45 - 54 years","Limerick","1486","2971","4457","3.79","5634","1","346.34"
"2018","Female","45 - 54 years","Galway","1674","5187","6861","4.45","7446","2","390.16"
"2018","Female","55 - 64 years","Dublin City and County","7251","29292","36543","7.22","52329","3","515.39"
"2018","Female","55 - 64 years","Kildare","1409","3819","5228","5.61","7911","2","445.28"
"2018","Female","55 - 64 years","Limerick","1646","3236","4882","4.77","7853","2","435.43"
"2018","Female","55 - 64 years","Galway","1764","5645","7409","6.2","10945","2","515.91"
"2018","Female","65 - 74 years","Dublin City and County","9096","28129","37225","10.26","93362","5","711.9"
"2018","Female","65 - 74 years","Kildare","1527","4019","5546","6.76","10321","4","699.02"
"2018","Female","65 - 74 years","Limerick","2307","3493","5800","5.74","13240","3","647.25"
"2018","Female","65 - 74 years","Galway","2202","5740","7942","7.18","15819","4","754.8"
"2018","Female","75 - 84 years","Dublin City and County","9525","21127","30652","14.92","142072","6","977.21"
"2018","Female","75 - 84 years","Kildare","1430","1976","3406","10.95","15660","5","956.74"
"2018","Female","75 - 84 years","Limerick","2031","2166","4197","8.19","16637","5","830.1"
"2018","Female","75 - 84 years","Galway","2161","3597","5758","9.48","20476","5","981.92"
"2018","Female","85 years and over","Dublin City and County","6025","6124","12149","18.95","114173","9","937.78"
"2018","Female","85 years and over","Kildare","664","523","1187","14.31","9502","7","935.38"
"2018","Female","85 years and over","Limerick","978","633","1611","9.41","9201","6","814.87"
"2018","Female","85 years and over","Galway","1384","959","2343","11.54","15968","6","885.82"
"2018","Female","All ages","Dublin City and County","89501","163194","252695","6.7","599250","3","359.89"
"2018","Female","All ages","Kildare","16754","21708","38462","4.64","77822","2","329.44"
"2018","Female","All ages","Limerick","16917","17248","34165","4.72","79919","2","341.18"
"2018","Female","All ages","Galway","21639","29830","51469","4.77","103128","2","394.14"
"2019","Both sexes","0 - 14 years","Dublin City and County","16750","12632","29382","4","66979","2","110.58"
"2019","Both sexes","0 - 14 years","Kildare","3325","2165","5490","3.71","12345","2","99.77"
"2019","Both sexes","0 - 14 years","Limerick","3040","1847","4887","3.51","10665","2","123.03"
"2019","Both sexes","0 - 14 years","Galway","4434","3228","7662","3.09","13705","1","141.97"
"2019","Both sexes","15 - 24 years","Dublin City and County","9779","12650","22429","3.18","31140","2","126.58"
"2019","Both sexes","15 - 24 years","Kildare","2067","1634","3701","2.36","4888","1","119.16"
"2019","Both sexes","15 - 24 years","Limerick","1920","1168","3088","2.52","4839","1","122.51"
"2019","Both sexes","15 - 24 years","Galway","2723","2077","4800","2.17","5905","1","146.55"
"2019","Both sexes","25 - 34 years","Dublin City and County","23318","27748","51066","3.21","74765","2","228.53"
"2019","Both sexes","25 - 34 years","Kildare","4472","3585","8057","2.54","11368","2","295.39"
"2019","Both sexes","25 - 34 years","Limerick","3544","2296","5840","3.15","11179","2","232.51"
"2019","Both sexes","25 - 34 years","Galway","5199","3716","8915","2.68","13955","1","282.97"
"2019","Both sexes","35 - 44 years","Dublin City and County","21505","40052","61557","4.2","90336","2","260.44"
"2019","Both sexes","35 - 44 years","Kildare","4424","5836","10260","3.36","14853","2","259.14"
"2019","Both sexes","35 - 44 years","Limerick","3687","4264","7951","3.28","12080","2","253.17"
"2019","Both sexes","35 - 44 years","Galway","5586","7551","13137","3.2","17900","1","317.22"
"2019","Both sexes","45 - 54 years","Dublin City and County","13056","45727","58783","6.31","82413","3","331.49"
"2019","Both sexes","45 - 54 years","Kildare","2651","7374","10025","4.58","12145","2","295.81"
"2019","Both sexes","45 - 54 years","Limerick","2661","5898","8559","3.38","8987","1","320.39"
"2019","Both sexes","45 - 54 years","Galway","3273","10146","13419","5.07","16592","2","373.1"
"2019","Both sexes","55 - 64 years","Dublin City and County","15986","59653","75639","8.14","130083","3","541.86"
"2019","Both sexes","55 - 64 years","Kildare","3011","8348","11359","6.94","20894","3","471.25"
"2019","Both sexes","55 - 64 years","Limerick","3338","8378","11716","4.91","16391","2","511.73"
"2019","Both sexes","55 - 64 years","Galway","3856","13140","16996","6.19","23870","3","582.15"
"2019","Both sexes","65 - 74 years","Dublin City and County","18664","65251","83915","10.57","197289","5","826.02"
"2019","Both sexes","65 - 74 years","Kildare","3615","10148","13763","7.72","27911","4","835.39"
"2019","Both sexes","65 - 74 years","Limerick","4181","9956","14137","6.42","26841","3","775.86"
"2019","Both sexes","65 - 74 years","Galway","5021","14766","19787","8.04","40381","4","908.12"
"2019","Both sexes","75 - 84 years","Dublin City and County","18272","46784","65056","14.53","265431","6","1129.74"
"2019","Both sexes","75 - 84 years","Kildare","3040","5919","8959","11.63","35370","5","1256.52"
"2019","Both sexes","75 - 84 years","Limerick","3728","6805","10533","7.02","26175","4","1071.95"
"2019","Both sexes","75 - 84 years","Galway","4654","9232","13886","10.43","48564","5","1191.01"
"2019","Both sexes","85 years and over","Dublin City and County","9880","13529","23409","18.39","181692","9","1171.09"
"2019","Both sexes","85 years and over","Kildare","1290","1471","2761","14.42","18603","7","1323.59"
"2019","Both sexes","85 years and over","Limerick","1389","1198","2587","8.88","12329","6","802.42"
"2019","Both sexes","85 years and over","Galway","2428","2442","4870","12.99","31540","7","1144.54"
"2019","Both sexes","All ages","Dublin City and County","147210","324026","471236","7.61","1120126","3","336.89"
"2019","Both sexes","All ages","Kildare","27895","46480","74375","5.68","158376","2","314.3"
"2019","Both sexes","All ages","Limerick","27488","41810","69298","4.71","129483","2","342.49"
"2019","Both sexes","All ages","Galway","37174","66298","103472","5.71","212410","2","394.17"
"2019","Male","0 - 14 years","Dublin City and County","9264","7355","16619","3.99","36938","2","122.34"
"2019","Male","0 - 14 years","Kildare","1810","1299","3109","3.62","6546","2","109.79"
"2019","Male","0 - 14 years","Limerick","1640","1017","2657","3.25","5325","2","129.77"
"2019","Male","0 - 14 years","Galway","2416","1741","4157","3.09","7455","1","150.47"
"2019","Male","15 - 24 years","Dublin City and County","3090","5993","9083","4.16","12840","2","101.89"
"2019","Male","15 - 24 years","Kildare","646","695","1341","2.26","1458","1","82.53"
"2019","Male","15 - 24 years","Limerick","690","523","1213","2.56","1767","1","94.02"
"2019","Male","15 - 24 years","Galway","969","1013","1982","2.49","2413","1","118.93"
"2019","Male","25 - 34 years","Dublin City and County","4133","10690","14823","4.89","20205","2","134.51"
"2019","Male","25 - 34 years","Kildare","655","1098","1753","3.51","2300","2","133.23"
"2019","Male","25 - 34 years","Limerick","719","1087","1806","2.93","2106","1","143.11"
"2019","Male","25 - 34 years","Galway","890","1580","2470","3.54","3147","1","160.71"
"2019","Male","35 - 44 years","Dublin City and County","5303","15397","20700","6.56","34807","2","180.7"
"2019","Male","35 - 44 years","Kildare","1020","2037","3057","4.64","4737","2","158.01"
"2019","Male","35 - 44 years","Limerick","1114","1984","3098","3.65","4065","1","197.63"
"2019","Male","35 - 44 years","Galway","1307","2843","4150","3.94","5150","1","209.73"
"2019","Male","45 - 54 years","Dublin City and County","6697","19356","26053","6.92","46320","3","298.31"
"2019","Male","45 - 54 years","Kildare","1262","3274","4536","4.99","6302","2","266.71"
"2019","Male","45 - 54 years","Limerick","1316","2627","3943","3.55","4669","1","291.64"
"2019","Male","45 - 54 years","Galway","1613","4515","6128","5.57","8983","2","344.95"
"2019","Male","55 - 64 years","Dublin City and County","8634","30776","39410","8.52","73605","3","591.26"
"2019","Male","55 - 64 years","Kildare","1673","4409","6082","7.4","12382","3","511.95"
"2019","Male","55 - 64 years","Limerick","1718","4718","6436","5.13","8807","2","564.46"
"2019","Male","55 - 64 years","Galway","2082","6298","8380","6.28","13073","3","582.03"
"2019","Male","65 - 74 years","Dublin City and County","9609","35521","45130","10.83","104068","5","945.19"
"2019","Male","65 - 74 years","Kildare","1905","5401","7306","7.82","14902","4","895.78"
"2019","Male","65 - 74 years","Limerick","2263","5914","8177","6.67","15098","3","904.44"
"2019","Male","65 - 74 years","Galway","2837","8709","11546","8.56","24290","4","1067"
"2019","Male","75 - 84 years","Dublin City and County","8689","24707","33396","14.26","123927","6","1327.93"
"2019","Male","75 - 84 years","Kildare","1504","3823","5327","11.58","17414","5","1611.31"
"2019","Male","75 - 84 years","Limerick","1816","3869","5685","7.17","13015","4","1244.53"
"2019","Male","75 - 84 years","Galway","2477","5339","7816","10.7","26501","6","1413.13"
"2019","Male","85 years and over","Dublin City and County","3752","6572","10324","18.54","69558","9","1520.47"
"2019","Male","85 years and over","Kildare","539","850","1389","14.87","8015","7","1887.23"
"2019","Male","85 years and over","Limerick","565","635","1200","8.24","4655","5","1029.16"
"2019","Male","85 years and over","Galway","1082","1612","2694","13.66","14784","7","1705.06"
"2019","Male","All ages","Dublin City and County","59171","156367","215538","8.83","522264","3","315.38"
"2019","Male","All ages","Kildare","11014","22886","33900","6.72","74054","2","286.91"
"2019","Male","All ages","Limerick","11841","22374","34215","5.03","59505","2","337.53"
"2019","Male","All ages","Galway","15673","33650","49323","6.75","105794","2","380.75"
"2019","Female","0 - 14 years","Dublin City and County","7486","5277","12763","4.01","30041","2","98.28"
"2019","Female","0 - 14 years","Kildare","1515","866","2381","3.83","5799","1","89.14"
"2019","Female","0 - 14 years","Limerick","1400","830","2230","3.81","5340","2","115.86"
"2019","Female","0 - 14 years","Galway","2018","1487","3505","3.1","6250","1","133.05"
"2019","Female","15 - 24 years","Dublin City and County","6689","6657","13346","2.74","18300","2","151.57"
"2019","Female","15 - 24 years","Kildare","1421","939","2360","2.41","3431","1","159.34"
"2019","Female","15 - 24 years","Limerick","1230","645","1875","2.5","3072","2","152.38"
"2019","Female","15 - 24 years","Galway","1754","1064","2818","1.99","3492","1","175.15"
"2019","Female","25 - 34 years","Dublin City and County","19185","17058","36243","2.84","54560","2","320.02"
"2019","Female","25 - 34 years","Kildare","3817","2487","6304","2.38","9069","2","446.52"
"2019","Female","25 - 34 years","Limerick","2825","1209","4034","3.21","9073","2","322.8"
"2019","Female","25 - 34 years","Galway","4309","2136","6445","2.51","10809","1","399.42"
"2019","Female","35 - 44 years","Dublin City and County","16202","24655","40857","3.43","55529","2","335.42"
"2019","Female","35 - 44 years","Kildare","3404","3799","7203","2.97","10116","2","355.79"
"2019","Female","35 - 44 years","Limerick","2573","2280","4853","3.12","8015","2","308.52"
"2019","Female","35 - 44 years","Galway","4279","4708","8987","2.98","12751","1","415.56"
"2019","Female","45 - 54 years","Dublin City and County","6359","26371","32730","5.68","36094","2","363.69"
"2019","Female","45 - 54 years","Kildare","1389","4100","5489","4.21","5843","2","325.12"
"2019","Female","45 - 54 years","Limerick","1345","3271","4616","3.21","4318","1","349.86"
"2019","Female","45 - 54 years","Galway","1660","5631","7291","4.58","7609","2","400.58"
"2019","Female","55 - 64 years","Dublin City and County","7352","28877","36229","7.68","56479","3","496.71"
"2019","Female","55 - 64 years","Kildare","1338","3939","5277","6.36","8512","3","431.69"
"2019","Female","55 - 64 years","Limerick","1620","3660","5280","4.68","7584","2","459.41"
"2019","Female","55 - 64 years","Galway","1774","6842","8616","6.09","10797","2.5","582.28"
"2019","Female","65 - 74 years","Dublin City and County","9055","29730","38785","10.29","93221","4","720.35"
"2019","Female","65 - 74 years","Kildare","1710","4747","6457","7.61","13009","4","776.18"
"2019","Female","65 - 74 years","Limerick","1918","4042","5960","6.12","11743","3","649.24"
"2019","Female","65 - 74 years","Galway","2184","6057","8241","7.37","16091","4","751.37"
"2019","Female","75 - 84 years","Dublin City and County","9583","22077","31660","14.77","141505","6","976.08"
"2019","Female","75 - 84 years","Kildare","1536","2096","3632","11.69","17957","5","949.79"
"2019","Female","75 - 84 years","Limerick","1912","2936","4848","6.88","13160","3","922.02"
"2019","Female","75 - 84 years","Galway","2177","3893","6070","10.13","22064","5","990.54"
"2019","Female","85 years and over","Dublin City and County","6128","6957","13085","18.3","112135","9","991.36"
"2019","Female","85 years and over","Kildare","751","621","1372","14.1","10588","7","1016.3"
"2019","Female","85 years and over","Limerick","824","563","1387","9.31","7674","6","673.96"
"2019","Female","85 years and over","Galway","1346","830","2176","12.45","16756","7","813.46"
"2019","Female","All ages","Dublin City and County","88039","167659","255698","6.79","597862","3","357.43"
"2019","Female","All ages","Kildare","16881","23594","40475","5","84322","2","341.61"
"2019","Female","All ages","Limerick","15647","19436","35083","4.47","69979","2","347.48"
"2019","Female","All ages","Galway","21501","32648","54149","4.96","106616","2","407.25"
"2020","Both sexes","0 - 14 years","Dublin City and County","11903","10349","22252","4.38","52108","2","83.58"
"2020","Both sexes","0 - 14 years","Kildare","2379","1705","4084","3.81","9072","2","74.04"
"2020","Both sexes","0 - 14 years","Limerick","2699","1018","3717","3.68","9932","2","94.14"
"2020","Both sexes","0 - 14 years","Galway","2922","2417","5339","3.32","9714","1","98.7"
"2020","Both sexes","15 - 24 years","Dublin City and County","8675","10510","19185","3.23","28026","2","103.4"
"2020","Both sexes","15 - 24 years","Kildare","1696","1467","3163","2.45","4150","1","99.78"
"2020","Both sexes","15 - 24 years","Limerick","1946","910","2856","2.28","4433","1","112.55"
"2020","Both sexes","15 - 24 years","Galway","2303","1562","3865","2.25","5184","1","117.41"
"2020","Both sexes","25 - 34 years","Dublin City and County","21684","23150","44834","2.96","64129","2","199.63"
"2020","Both sexes","25 - 34 years","Kildare","3961","3111","7072","2.49","9872","2","255.1"
"2020","Both sexes","25 - 34 years","Limerick","3544","1603","5147","3.05","10820","2","207.06"
"2020","Both sexes","25 - 34 years","Galway","4282","2256","6538","2.83","12127","1","204.77"
"2020","Both sexes","35 - 44 years","Dublin City and County","20792","34196","54988","3.96","82262","2","232.62"
"2020","Both sexes","35 - 44 years","Kildare","3733","4869","8602","3.17","11830","2","213.92"
"2020","Both sexes","35 - 44 years","Limerick","3596","2684","6280","2.99","10746","1.5","200.2"
"2020","Both sexes","35 - 44 years","Galway","4723","5189","9912","2.8","13246","1","236.81"
"2020","Both sexes","45 - 54 years","Dublin City and County","12461","40278","52739","6.2","77299","3","289.35"
"2020","Both sexes","45 - 54 years","Kildare","2431","5992","8423","4.75","11544","2","241.74"
"2020","Both sexes","45 - 54 years","Limerick","2807","5022","7829","3.47","9740","1","287.53"
"2020","Both sexes","45 - 54 years","Galway","2982","7172","10154","4.22","12580","1","276.21"
"2020","Both sexes","55 - 64 years","Dublin City and County","14749","51835","66584","8.4","123895","3","466.23"
"2020","Both sexes","55 - 64 years","Kildare","2687","6618","9305","6.4","17199","3","373.1"
"2020","Both sexes","55 - 64 years","Limerick","3331","6850","10181","4.29","14299","2","436.82"
"2020","Both sexes","55 - 64 years","Galway","3505","9582","13087","5.91","20730","2","438.19"
"2020","Both sexes","65 - 74 years","Dublin City and County","17646","57811","75457","10.35","182637","5","722.12"
"2020","Both sexes","65 - 74 years","Kildare","3129","8485","11614","7.97","24932","4","675.23"
"2020","Both sexes","65 - 74 years","Limerick","4283","8059","12342","5.69","24372","2","658.84"
"2020","Both sexes","65 - 74 years","Galway","4593","11888","16481","7.27","33390","3","728.02"
"2020","Both sexes","75 - 84 years","Dublin City and County","17230","40201","57431","13.42","231296","6","962.8"
"2020","Both sexes","75 - 84 years","Kildare","2557","4837","7394","11.88","30388","6","953.57"
"2020","Both sexes","75 - 84 years","Limerick","4002","5284","9286","6.89","27590","3","896.51"
"2020","Both sexes","75 - 84 years","Galway","4085","7145","11230","8.79","35898","5","914.64"
"2020","Both sexes","85 years and over","Dublin City and County","9479","11023","20502","16.94","160590","8","1002.4"
"2020","Both sexes","85 years and over","Kildare","1092","1294","2386","12.27","13402","7","1115.47"
"2020","Both sexes","85 years and over","Limerick","1548","1033","2581","8.15","12616","5","784.74"
"2020","Both sexes","85 years and over","Galway","2185","1931","4116","11.36","24813","7","954.77"
"2020","Both sexes","All ages","Dublin City and County","134619","279353","413972","7.45","1002239","3","291.03"
"2020","Both sexes","All ages","Kildare","23665","38378","62043","5.59","132388","2","256.73"
"2020","Both sexes","All ages","Limerick","27756","32463","60219","4.49","124545","2","295.19"
"2020","Both sexes","All ages","Galway","31580","49142","80722","5.31","167679","2","302.72"
"2020","Male","0 - 14 years","Dublin City and County","6491","5977","12468","4.22","27384","2","91.62"
"2020","Male","0 - 14 years","Kildare","1258","896","2154","3.89","4899","2","75.79"
"2020","Male","0 - 14 years","Limerick","1457","587","2044","3.66","5330","2","100.71"
"2020","Male","0 - 14 years","Galway","1628","1468","3096","3.17","5159","1","110.54"
"2020","Male","15 - 24 years","Dublin City and County","2751","4979","7730","4.12","11336","2","83.19"
"2020","Male","15 - 24 years","Kildare","500","642","1142","2.57","1283","1","68.31"
"2020","Male","15 - 24 years","Limerick","685","392","1077","2.25","1539","1","83.28"
"2020","Male","15 - 24 years","Galway","851","736","1587","2.68","2278","1","95.87"
"2020","Male","25 - 34 years","Dublin City and County","3840","8175","12015","4.79","18392","2","108.72"
"2020","Male","25 - 34 years","Kildare","496","872","1368","3.9","1934","2","102.96"
"2020","Male","25 - 34 years","Limerick","718","718","1436","3.62","2599","1","113.86"
"2020","Male","25 - 34 years","Galway","783","987","1770","2.74","2145","1","113.14"
"2020","Male","35 - 44 years","Dublin City and County","5454","12466","17920","5.86","31953","2","155.09"
"2020","Male","35 - 44 years","Kildare","766","1740","2506","3.75","2874","2","128.35"
"2020","Male","35 - 44 years","Limerick","1040","1194","2234","3.19","3318","1","142.62"
"2020","Male","35 - 44 years","Galway","1146","1969","3115","3.54","4058","1","157.29"
"2020","Male","45 - 54 years","Dublin City and County","6518","17826","24344","6.88","44858","3","271.13"
"2020","Male","45 - 54 years","Kildare","1217","2659","3876","4.99","6073","2","220.74"
"2020","Male","45 - 54 years","Limerick","1396","2393","3789","3.37","4710","1","274.96"
"2020","Male","45 - 54 years","Galway","1483","3234","4717","4.58","6786","2","261.05"
"2020","Male","55 - 64 years","Dublin City and County","8010","26990","35000","8.97","71812","3","514.69"
"2020","Male","55 - 64 years","Kildare","1463","3558","5021","6.9","10097","3","406.89"
"2020","Male","55 - 64 years","Limerick","1696","4151","5847","4.72","8001","2","503.7"
"2020","Male","55 - 64 years","Galway","1863","4592","6455","6.21","11561","3","439.77"
"2020","Male","65 - 74 years","Dublin City and County","9330","31811","41141","10.83","101037","5","836.76"
"2020","Male","65 - 74 years","Kildare","1660","4792","6452","7.94","13183","4","756.03"
"2020","Male","65 - 74 years","Limerick","2376","4823","7199","6.07","14424","2","771.68"
"2020","Male","65 - 74 years","Galway","2557","6705","9262","7.38","18867","3","823.8"
"2020","Male","75 - 84 years","Dublin City and County","8255","21624","29879","13.49","111397","6","1139.38"
"2020","Male","75 - 84 years","Kildare","1289","3150","4439","11.76","15153","6","1212.51"
"2020","Male","75 - 84 years","Limerick","1921","3187","5108","7.25","13931","3","1062.4"
"2020","Male","75 - 84 years","Galway","2231","4116","6347","9.39","20945","5","1086.07"
"2020","Male","85 years and over","Dublin City and County","3659","5176","8835","17.2","62926","8","1240.17"
"2020","Male","85 years and over","Kildare","486","647","1133","12.24","5948","7","1520.81"
"2020","Male","85 years and over","Limerick","638","664","1302","7.64","4874","4","1073.37"
"2020","Male","85 years and over","Galway","990","1172","2162","11.93","11808","7","1315.09"
"2020","Male","All ages","Dublin City and County","54308","135024","189332","8.86","481094","3","272.28"
"2020","Male","All ages","Kildare","9135","18956","28091","6.73","61441","3","232.56"
"2020","Male","All ages","Limerick","11927","18109","30036","4.92","58724","2","293.77"
"2020","Male","All ages","Galway","13532","24979","38511","6.18","83604","2","292.89"
"2020","Female","0 - 14 years","Dublin City and County","5412","4372","9784","4.57","24724","2","75.17"
"2020","Female","0 - 14 years","Kildare","1121","809","1930","3.72","4173","2","72.18"
"2020","Female","0 - 14 years","Limerick","1242","431","1673","3.7","4602","2","87.2"
"2020","Female","0 - 14 years","Galway","1294","949","2243","3.52","4555","2","85.98"
"2020","Female","15 - 24 years","Dublin City and County","5924","5531","11455","2.82","16690","2","123.68"
"2020","Female","15 - 24 years","Kildare","1196","825","2021","2.4","2868","1","134.9"
"2020","Female","15 - 24 years","Limerick","1261","518","1779","2.3","2894","1","142.96"
"2020","Female","15 - 24 years","Galway","1452","826","2278","2","2907","1","139.19"
"2020","Female","25 - 34 years","Dublin City and County","17844","14975","32819","2.56","45737","2","287.7"
"2020","Female","25 - 34 years","Kildare","3465","2239","5704","2.29","7939","2","395.12"
"2020","Female","25 - 34 years","Limerick","2826","885","3711","2.91","8221","2","303.06"
"2020","Female","25 - 34 years","Galway","3499","1269","4768","2.85","9982","1","292.8"
"2020","Female","35 - 44 years","Dublin City and County","15338","21730","37068","3.28","50309","2","306.76"
"2020","Female","35 - 44 years","Kildare","2967","3129","6096","3.02","8957","2","294.68"
"2020","Female","35 - 44 years","Limerick","2556","1490","4046","2.91","7428","2","257.64"
"2020","Female","35 - 44 years","Galway","3577","3220","6797","2.57","9189","1","308.21"
"2020","Female","45 - 54 years","Dublin City and County","5943","22452","28395","5.46","32441","2","307.05"
"2020","Female","45 - 54 years","Kildare","1214","3333","4547","4.51","5471","2","263.08"
"2020","Female","45 - 54 years","Limerick","1411","2629","4040","3.56","5030","1","300.42"
"2020","Female","45 - 54 years","Galway","1499","3938","5437","3.87","5794","1","290.86"
"2020","Female","55 - 64 years","Dublin City and County","6739","24845","31584","7.73","52083","3","422.17"
"2020","Female","55 - 64 years","Kildare","1224","3060","4284","5.8","7102","3","340"
"2020","Female","55 - 64 years","Limerick","1635","2699","4334","3.85","6298","1","370.46"
"2020","Female","55 - 64 years","Galway","1642","4990","6632","5.58","9169","2","436.66"
"2020","Female","65 - 74 years","Dublin City and County","8316","26000","34316","9.81","81600","5","620.25"
"2020","Female","65 - 74 years","Kildare","1469","3693","5162","8","11749","4","595.66"
"2020","Female","65 - 74 years","Limerick","1907","3236","5143","5.22","9948","2","546.89"
"2020","Female","65 - 74 years","Galway","2036","5183","7219","7.13","14523","3","633.52"
"2020","Female","75 - 84 years","Dublin City and County","8975","18577","27552","13.36","119899","6","824.27"
"2020","Female","75 - 84 years","Kildare","1268","1687","2955","12.01","15235","5","721.96"
"2020","Female","75 - 84 years","Limerick","2081","2097","4178","6.56","13659","3","752.79"
"2020","Female","75 - 84 years","Galway","1854","3029","4883","8.07","14953","4","758.94"
"2020","Female","85 years and over","Dublin City and County","5820","5847","11667","16.78","97664","9","875.31"
"2020","Female","85 years and over","Kildare","606","647","1253","12.3","7454","7","898.85"
"2020","Female","85 years and over","Limerick","910","369","1279","8.51","7743","5","616.09"
"2020","Female","85 years and over","Galway","1195","759","1954","10.88","13005","6","732.66"
"2020","Female","All ages","Dublin City and County","80311","144329","224640","6.49","521146","3","308.97"
"2020","Female","All ages","Kildare","14530","19422","33952","4.88","70947","2","280.87"
"2020","Female","All ages","Limerick","15829","14354","30183","4.16","65821","2","296.62"
"2020","Female","All ages","Galway","18048","24163","42211","4.66","84075","2","312.29"
"2021","Both sexes","0 - 14 years","Dublin City and County","13113","10420","23533","4.47","58598","2","88.47"
"2021","Both sexes","0 - 14 years","Kildare","2680","1695","4375","4.08","10941","2","80.99"
"2021","Both sexes","0 - 14 years","Limerick","2828","1078","3906","3.8","10737","2","98.71"
"2021","Both sexes","0 - 14 years","Galway","3766","2119","5885","3.08","11601","1","109.77"
"2021","Both sexes","15 - 24 years","Dublin City and County","9107","12561","21668","3.13","28546","2","117.25"
"2021","Both sexes","15 - 24 years","Kildare","1861","1697","3558","2.73","5088","1","111.06"
"2021","Both sexes","15 - 24 years","Limerick","2092","1073","3165","2.23","4663","1","127.66"
"2021","Both sexes","15 - 24 years","Galway","2509","1760","4269","2.46","6175","1","129.61"
"2021","Both sexes","25 - 34 years","Dublin City and County","22402","27071","49473","3.03","67784","2","220.24"
"2021","Both sexes","25 - 34 years","Kildare","4122","3419","7541","2.43","9999","2","274.67"
"2021","Both sexes","25 - 34 years","Limerick","3858","1460","5318","2.7","10433","2","216.01"
"2021","Both sexes","25 - 34 years","Galway","4786","2518","7304","2.43","11621","1","232.77"
"2021","Both sexes","35 - 44 years","Dublin City and County","22059","38330","60389","3.86","85060","2","253.07"
"2021","Both sexes","35 - 44 years","Kildare","4246","5342","9588","3.15","13361","2","237.7"
"2021","Both sexes","35 - 44 years","Limerick","3927","3286","7213","2.93","11518","1","230.24"
"2021","Both sexes","35 - 44 years","Galway","5307","5589","10896","3.04","16132","1","260.73"
"2021","Both sexes","45 - 54 years","Dublin City and County","13259","46959","60218","6.17","81863","3","322.34"
"2021","Both sexes","45 - 54 years","Kildare","2595","6799","9394","5.01","13012","2","261.29"
"2021","Both sexes","45 - 54 years","Limerick","2989","4826","7815","3.59","10741","1","281.86"
"2021","Both sexes","45 - 54 years","Galway","2946","7792","10738","4.99","14713","2","285.27"
"2021","Both sexes","55 - 64 years","Dublin City and County","15408","57746","73154","8.16","125704","3","505.51"
"2021","Both sexes","55 - 64 years","Kildare","2714","7380","10094","6.54","17738","3","390.06"
"2021","Both sexes","55 - 64 years","Limerick","3675","6963","10638","4.49","16515","1","451.89"
"2021","Both sexes","55 - 64 years","Galway","3393","10733","14126","6.64","22541","3","464.27"
"2021","Both sexes","65 - 74 years","Dublin City and County","18219","64798","83017","9.9","180413","5","779.9"
"2021","Both sexes","65 - 74 years","Kildare","2959","8978","11937","7.92","23444","4","669.23"
"2021","Both sexes","65 - 74 years","Limerick","4760","8473","13233","5.31","25280","2","698.2"
"2021","Both sexes","65 - 74 years","Galway","4142","13775","17917","8.59","35566","4","770.49"
"2021","Both sexes","75 - 84 years","Dublin City and County","17816","46731","64547","12.96","230932","7","1046.43"
"2021","Both sexes","75 - 84 years","Kildare","2757","5205","7962","10.88","30006","6","947.07"
"2021","Both sexes","75 - 84 years","Limerick","4409","5745","10154","7.02","30934","4","950.75"
"2021","Both sexes","75 - 84 years","Galway","4251","8971","13222","10.09","42882","5","1027.27"
"2021","Both sexes","85 years and over","Dublin City and County","10036","13688","23724","15.74","157939","8","1136.04"
"2021","Both sexes","85 years and over","Kildare","1283","1169","2452","12.01","15415","7","1117.08"
"2021","Both sexes","85 years and over","Limerick","1882","1419","3301","8.38","15776","5","975.47"
"2021","Both sexes","85 years and over","Galway","2227","2545","4772","12.31","27418","7","1067.08"
"2021","Both sexes","All ages","Dublin City and County","141419","318304","459723","7.19","1016837","3","320.45"
"2021","Both sexes","All ages","Kildare","25217","41684","66901","5.51","139002","2","274.05"
"2021","Both sexes","All ages","Limerick","30420","34323","64743","4.49","136595","2","316.44"
"2021","Both sexes","All ages","Galway","33327","55802","89129","5.66","188647","2","332.09"
"2021","Male","0 - 14 years","Dublin City and County","6986","5668","12654","4.36","30460","2","93.3"
"2021","Male","0 - 14 years","Kildare","1407","894","2301","3.72","5241","2","82.43"
"2021","Male","0 - 14 years","Limerick","1543","580","2123","3.5","5407","2","104.63"
"2021","Male","0 - 14 years","Galway","1983","1318","3301","2.95","5854","1","119.55"
"2021","Male","15 - 24 years","Dublin City and County","3021","5859","8880","3.53","10664","2","95.26"
"2021","Male","15 - 24 years","Kildare","603","701","1304","3.04","1832","1","78.12"
"2021","Male","15 - 24 years","Limerick","713","437","1150","2.15","1535","1","89.58"
"2021","Male","15 - 24 years","Galway","891","816","1707","3.13","2793","1","102.12"
"2021","Male","25 - 34 years","Dublin City and County","3954","9702","13656","4.62","18276","2","123.11"
"2021","Male","25 - 34 years","Kildare","466","892","1358","3.14","1462","1","102.6"
"2021","Male","25 - 34 years","Limerick","846","623","1469","2.24","1894","1","119.12"
"2021","Male","25 - 34 years","Galway","774","1025","1799","3.1","2400","1","115.77"
"2021","Male","35 - 44 years","Dublin City and County","5643","13622","19265","5.5","31038","2","164.45"
"2021","Male","35 - 44 years","Kildare","908","1655","2563","4.63","4202","2","132.11"
"2021","Male","35 - 44 years","Limerick","1120","1384","2504","2.9","3246","1","162.14"
"2021","Male","35 - 44 years","Galway","1168","2288","3456","3.95","4609","1","172.34"
"2021","Male","45 - 54 years","Dublin City and County","6928","20486","27414","6.7","46434","3","296.38"
"2021","Male","45 - 54 years","Kildare","1291","2839","4130","5.57","7189","2","227.84"
"2021","Male","45 - 54 years","Limerick","1400","2010","3410","3.74","5241","1","241.98"
"2021","Male","45 - 54 years","Galway","1492","3643","5135","5.84","8708","2","276.45"
"2021","Male","55 - 64 years","Dublin City and County","8407","30384","38791","8.55","71887","4","556.65"
"2021","Male","55 - 64 years","Kildare","1517","3690","5207","6.87","10415","3","404.74"
"2021","Male","55 - 64 years","Limerick","1910","4108","6018","5.03","9605","2","514.71"
"2021","Male","55 - 64 years","Galway","1800","5161","6961","6.81","12254","3","461.73"
"2021","Male","65 - 74 years","Dublin City and County","9452","36763","46215","10.24","96742","5","925.28"
"2021","Male","65 - 74 years","Kildare","1596","5150","6746","8.06","12859","4","768.6"
"2021","Male","65 - 74 years","Limerick","2516","4767","7283","5.55","13964","2","766.95"
"2021","Male","65 - 74 years","Galway","2340","7902","10242","9.12","21352","4","883.46"
"2021","Male","75 - 84 years","Dublin City and County","8476","24177","32653","12.95","109776","7","1196.74"
"2021","Male","75 - 84 years","Kildare","1464","3024","4488","10.89","15948","6","1108.15"
"2021","Male","75 - 84 years","Limerick","2135","3092","5227","7.28","15542","4","1059.81"
"2021","Male","75 - 84 years","Galway","2290","4800","7090","10.51","24077","6","1150.6"
"2021","Male","85 years and over","Dublin City and County","3894","6350","10244","15.31","59607","8","1419.82"
"2021","Male","85 years and over","Kildare","562","579","1141","11.49","6456","6","1505.28"
"2021","Male","85 years and over","Limerick","770","851","1621","8.29","6382","4","1300.96"
"2021","Male","85 years and over","Galway","964","1580","2544","12.21","11773","7","1500.88"
"2021","Male","All ages","Dublin City and County","56761","153011","209772","8.37","474882","3","298.16"
"2021","Male","All ages","Kildare","9814","19424","29238","6.68","65603","3","240.01"
"2021","Male","All ages","Limerick","12953","17852","30805","4.85","62814","2","300.94"
"2021","Male","All ages","Galway","13702","28533","42235","6.85","93818","3","317.51"
"2021","Female","0 - 14 years","Dublin City and County","6127","4752","10879","4.59","28138","2","83.44"
"2021","Female","0 - 14 years","Kildare","1273","801","2074","4.48","5700","2","79.45"
"2021","Female","0 - 14 years","Limerick","1285","498","1783","4.15","5331","2","92.48"
"2021","Female","0 - 14 years","Galway","1783","801","2584","3.22","5747","1","99.38"
"2021","Female","15 - 24 years","Dublin City and County","6086","6702","12788","2.94","17882","2","139.64"
"2021","Female","15 - 24 years","Kildare","1258","996","2254","2.59","3256","1","146.9"
"2021","Female","15 - 24 years","Limerick","1379","636","2015","2.27","3128","1","168.56"
"2021","Female","15 - 24 years","Galway","1618","944","2562","2.09","3382","1","157.93"
"2021","Female","25 - 34 years","Dublin City and County","18448","17369","35817","2.68","49508","2","314.98"
"2021","Female","25 - 34 years","Kildare","3656","2527","6183","2.34","8538","2","434.84"
"2021","Female","25 - 34 years","Limerick","3012","837","3849","2.84","8540","2","313.26"
"2021","Female","25 - 34 years","Galway","4012","1493","5505","2.3","9222","1","347.56"
"2021","Female","35 - 44 years","Dublin City and County","16416","24708","41124","3.29","54022","2","338.53"
"2021","Female","35 - 44 years","Kildare","3338","3687","7025","2.74","9159","2","335.56"
"2021","Female","35 - 44 years","Limerick","2807","1902","4709","2.95","8272","2","296.44"
"2021","Female","35 - 44 years","Galway","4139","3301","7440","2.78","11523","1","342.26"
"2021","Female","45 - 54 years","Dublin City and County","6331","26473","32804","5.6","35429","3","347.8"
"2021","Female","45 - 54 years","Kildare","1304","3960","5264","4.47","5823","2","295.32"
"2021","Female","45 - 54 years","Limerick","1589","2816","4405","3.46","5500","1","323.07"
"2021","Female","45 - 54 years","Galway","1454","4149","5603","4.13","6005","2","293.87"
"2021","Female","55 - 64 years","Dublin City and County","7001","27362","34363","7.69","53817","3","458.02"
"2021","Female","55 - 64 years","Kildare","1197","3690","4887","6.12","7324","3","375.55"
"2021","Female","55 - 64 years","Limerick","1765","2855","4620","3.92","6911","1","389.91"
"2021","Female","55 - 64 years","Galway","1593","5572","7165","6.46","10288","2","466.78"
"2021","Female","65 - 74 years","Dublin City and County","8767","28035","36802","9.54","83671","5","651.37"
"2021","Female","65 - 74 years","Kildare","1363","3828","5191","7.77","10585","4","572.96"
"2021","Female","65 - 74 years","Limerick","2244","3706","5950","5.04","11316","2","629.16"
"2021","Female","65 - 74 years","Galway","1802","5873","7675","7.89","14214","4","658.18"
"2021","Female","75 - 84 years","Dublin City and County","9340","22554","31894","12.97","121156","7","927.21"
"2021","Female","75 - 84 years","Kildare","1293","2181","3474","10.87","14058","5","797.34"
"2021","Female","75 - 84 years","Limerick","2274","2653","4927","6.77","15392","3","857.17"
"2021","Female","75 - 84 years","Galway","1961","4171","6132","9.59","18805","5","914"
"2021","Female","85 years and over","Dublin City and County","6142","7338","13480","16.01","98333","9","986.25"
"2021","Female","85 years and over","Kildare","721","590","1311","12.43","8959","7","912.32"
"2021","Female","85 years and over","Limerick","1112","568","1680","8.45","9394","5","785.78"
"2021","Female","85 years and over","Galway","1263","965","2228","12.39","15645","7","802.3"
"2021","Female","All ages","Dublin City and County","84658","165293","249951","6.4","541955","3","341.9"
"2021","Female","All ages","Kildare","15403","22260","37663","4.77","73400","2","307.97"
"2021","Female","All ages","Limerick","17467","16471","33938","4.22","73782","2","331.97"
"2021","Female","All ages","Galway","19625","27269","46894","4.83","94829","2","346.43"
